<?xml version="1.0"?>
<service>

     <id>qops_import</id>

     <name>qops_import</name>

     <description>nVent QOPS Import service.</description>

     <!-- java环境变量 -->

     <env name="JAVA_HOME" value="%JAVA_HOME%"/>

     <executable>java</executable>

	 <arguments>-server -Xms4096m -Xmx4096m -DnVentImportServer -Dfile.encoding=UTF-8 -Duser.timezone=Asia/Shanghai -Xbootclasspath/a:d:/nvent_import_server/config -jar "d:/nvent_import_server/lib/qops_import.jar"</arguments>

     <!-- 开机启动 -->

     <startmode>Automatic</startmode>
	 <logpath>log/service</logpath>
	 <logmode>rotate</logmode>

 </service>